#,Name,Phone,Delivery,Online Pay,House,Address,location
1,Efes Cakes,3334760,Yes,Yes,Male,Nova,"G. Nova, ground floor"
2,Tech Mart,7773248,Yes,Yes,Male,Ma. Rose Villa,"Tech Mart /Mahchangoalhi /
Dhilbahaaru Magu"
3,Cafe Retreat,7910086,Yes,Yes,Male,M. Faculty of Health Sciences,Handhuvaree Hingun
4,Dondon Cafe’ & Bistro,7775887,Yes,Yes,Male,G-Ferose,Lonuziyaaraiy Magu
5,Food Ring,7900793,Yes,Yes,Male,Unit 21,West Harbour Food Court Unit 21
6,TMSH MART,7939491,Yes,Yes,Male,H. Thundimathi,Buruzumagu
7,IHSAAN FIHAARA,7670091,Yes,Yes,Male,M. Badikulhimaage,Male' Maldives
8,Tides cafe & bistro,7382323,Yes,Yes,Male,Fenigellidhaage,Henveiru
9,Union Mart,7419944,Yes,Yes,Male,H. Luma,"Kashima Higun, Male, Maldives"
10,Waffle club,7772102,Yes,Yes,Hulhumale,Lot number 11201,Lot number 11201
11,Submore central,3329944,Yes,Yes,Male,M zaabu,M. Zaabu Fareedhe magu male
12,Banana leaf harbor,7996789,Yes,Yes,Male,M. Male Food court no.23,M. Male food court no.23
13,Submore delivery,3325151,Yes,Yes,Male,M zenthram,M. Zentharam sabdheli magu male
14,Smart Shoppers,9958800,Yes,Yes,Male,Hulhumale Commercial Unit,"Commercial Unit, Block B"
15,Plated Cafe,7906841,Yes,Yes,Male,Plated Cafe,H. Fourwinds
16,Dolphin View Cafe’,332101,Yes,Yes,Male,Alimas Ufaa,Boduthakurufaanu Magu
17,The Coffee Club,7779208,Yes,Yes,Male,"Fenna Gimatha -Mulhumale Ferry
Terminal -Male'",Fenna Gimatha-H.Ferry Terminal
18,Hirigaa,7966651,Yes,Yes,Male,H.Carnation villa,"G-floor, Majeedhee magu, male, maldives"
19,Burger King,7779208,Yes,Yes,Male,Fenna Gimatha-Hulhumale Ferry Terminal -Male',Fenna Gimatha-H.Ferry Terminal
20,The Pizza Company,7779208,Yes,Yes,Male,"Ma.Veyside, Male'","Ma.Veyside(Arabiyaa Old) Majeedheemagu,Male'"
21,Ezy mart,7945851,Yes,Yes,Male,M.fadige,M.Fadige
22,Club360,7792209,Yes,Yes,Male,G. Viyafaari hiyaa,G. Viyafaari hiyaa 1 st floor
23,Chili’s Cafe & Bistro,7218585,Yes,Yes,Male,Ma. Seventy Flower,Iskandhar Magu
24,Omelette,7956885,Yes,Yes,Hulhumale,HM Business Unit C-G-06,HM Business Unit C-G-06
25,The Candle Garden,7776922,Yes,Yes,Hulhumale,HM Business Unit C-1-01,HM Business Unit C-1-01
26,Oregano Cafe',3333922,Yes,Yes,Male,Medhumaage,"Oregano cafe' / Buruzumagu , Male' city"
27,Foodbank Restaurant,3323665,Yes,Yes,Male,H.Hithigasdhoshuge Aage,"H,hithigasdhoshuge Aage/ hakura Goalhi"
28,Foodbank Millenium,3307770,Yes,Yes,Male,Ma.Vaimathi,"Ma.Vaimathi, Dhidhi Goalhi"
29,Ell Mobile,7773648,Yes,Yes,Male,Vahtheenigasdhoshuge,Ell Mobile
30,Burger King,7779208,Yes,Yes,Hulhumale,"Fenna Gimatha-Hulhumale Ferry Terminal,Male",Fenna Gimatha-H.Ferry Terminal
31,Choppers Koththu,9991814,Yes,Yes,Male,H.Benina,H.Benina
32,Indian grill,7260606,Yes,Yes,Male,Harbour food court no 13,Sto habour food court
33,Tulip Cafe and Restaurant,9999798,Yes,Yes,Male,Ma. Dhirey View,Kaaminee Magu
34,The Baker's,9999798,Yes,Yes,Male,Ma. Dhirey View,Kaaminee Magu
35,Afun Mart,7788644,Yes,Yes,Male,Ma. Dhathurunaage G Floor,"Ma, Dhathurunaage, Kurikeela Magu, Male'"
36,Hair Care,7992020,Yes,Yes,Male,M.Masaaulbardh,M.Haveeree Hingun
37,Health and Glow Pharmacy,7339997,Yes,Yes,Male,M.Nice Dream,Kanba Aisa rani hingun
38,Fathaha Sunbuli,7996272,Yes,Yes,Male,M. Anoanaage,"M. Anoanaage, Fareedhee Magu, Male"
39,Fathaha Sky,7996272,Yes,Yes,Male,H. Sangu,"H. Sangu, Majeedhee Magu, Henveyru, Male’"
40,Fathaha Home Improvement,7996272,Yes,Yes,Male,M. Faagathige,"M. Faagathige, Majeedhee Magu, Maafannu, Male’"
41,Thoori,3338553,Yes,Yes,Male,Mathivagge,Sosunmagu
42,Fathaha Mall,7996272,Yes,Yes,Male,M. Two Friend,"M. Two Friend, Maaveyo Magu, Male’"
43,Cafe halimagu,7337480,Yes,Yes,Hulhumale,Lot 11199,Lot 11199
44,Cino cafe,3333008,Yes,Yes,Male,"G, Hiyaadhosuge",Lily magu male
45,Ufanveli shop,3358883,Yes,Yes,Hulhumale,"Hulhumale Goathi, 11176","Chanbeylee magu, 06 no. Goalhi"
46,Green Bell Restuarant,3007770,Yes,Yes,Male,Handhuvareege No.1,Maafanu Fareedhee Magu
47,Coffee & Grill,3333884,Yes,Yes,Male,Habour food court no 12,Sto habour food court
48,Blue Baani Cafe,7838676,Yes,Yes,Vilimale,V. Bahaau,V. Bahaau
49,Blue Coin,3391555,Yes,Yes,Vilimale,V. Chendhelier,"V.chendhelier, villimale"
50,Gadget plus,7765006,Yes,Yes,Male,MA. Night Rose,Dhilbahaaru Magu
51,Thyme Bistro,7777653,Yes,Yes,Male,"M. Kuhlhavagge,","Orchid Magu, Male', Maldives"
52,Buruzu Magu Tandoor,7777653,Yes,Yes,Male,G. Summer Blossom,"Buruzu Magu, Male'"
53,Glee Mart,7440110,Yes,Yes,Male,H. Sheereen Villa,H. Sheereen Villa Ground Floor
54,Mamak,7773029,Yes,Yes,Hulhumale,Commercial block D-1-06,Hulhumale
55,Ifan Trade,7655425,Yes,No,Male,H.Thaaniya,"H.Thaaniya, Kinbigas Magu, Male'"
56,PYRAMID,3322096,Yes,Yes,Male,Orchid magu/ Maafannu,Pyramid/ Orchid magu no.20
57,VAV TRADING POINT,7447777,Yes,Yes,Male,M.HAMEEDHEE BUILDING,M.HAMEEDHEE BUILDING
58,ADK GENERAL TRADING,7998558,Yes,Yes,Male,M. FATHIMATH HIYA,"BODUTHAKURUFAANU MAGU, MALDIVES, 20280"
59,Buruzu catering services,7782220,Yes,Yes,Male,Buruzu catering services,H.fentenoy
60,AGORA,3328332,Yes,Yes,Male,H.Mialani,"Sosun magu, Male'"
61,Choice Mart,9699199,Yes,Yes,Male,M.Murangavilla,"Murangavilla, Muranga Magu"
62,AGORA,3318333,Yes,Yes,Male,Ma.Canary Lodge,"Majeedhee Magu, Male'"
63,Choice Plaza,9621177,Yes,Yes,Male,M.Shabeena,"M.Shabeena, Buruzumagu"
64,AGORA EXPRESS,3329666,Yes,Yes,Male,Ma.Zaufaran,"Dhidhi Goalhi, Male'"
65,Beetro,9621177,Yes,Yes,Male,Ma.Vaffaru,"Ma.Vaffaru, Buruzumagu"
66,DHON MANIK,3301033,Yes,No,Male,"M.HUIVANI (GROUND FLOOR), BURUZU MAGU",M.HUIVANI (GROUND FLOOR)
67,DHON MANIK SKY VIEW,3005557,Yes,No,Male,BODUTHAKURUFAANU MAGU (CARNIVAL NO: 33),CARNIVAL NO:39
68,MAAVEHI MART,7546260,Yes,No,Vilimale,V. Lucky Village,"Lucy Village, K. Male'"
69,Family Room Cafe,9643766,Yes,Yes,Hulhumale,"Gr. Floor, Lot 10105","Dhiggaa Magu, Hulhumale, K. Male', Maldives"
70,Thoum,7772144,Yes,Yes,Male,H. Veyovilla,Majeedhee Magu
71,Dhimart,7985959,Yes,Yes,Male,M. Hali,"M. Hali, 1st Floor, Fearoazu Magu"
72,Shai Trade,7966991,Yes,Yes,Male,H. Kandu finige,Lonuziyaaraimagu
73,Family Room Male',9643766,Yes,Yes,Male,H. Dhaahadhaage (Gr. Floor),"Roashanee Magu, K. Male', Maldives"
74,Le souq cafe,7776888,Yes,Yes,Male,H.Roseland,Boduthakurufaanu Magu
75,ROOT HULHUMALE,7953683,Yes,Yes,Hulhumale,HULHUMALE GOATHI (10573) C-141,HULHUMALE GOATHI (10573) C-141
76,CGT PVT LTD / ROOT,7953683,Yes,Yes,Male,CGT Pvt Ltd / Root,21 Orchid Magu
77,NESPRESSO,3300773,No,Yes,Male,M. Dhoores,"Orchid Magu, Male'"
78,HSC Euro,7787655,Yes,Yes,Male,H. Silver Sand,"Kalaafaanu Hingun, Male'"
79,Comfood,7988831,Yes,Yes,Male,H. Manaf,Burevimagu
80,minime,7435840,Yes,Yes,Male,MA.NIYADHOSHI,chaandhanee magu
81,ADK PHARMACEUTICAL SUPPLY,7998558,Yes,Yes,Male,M. MAHI/M.MAHIKURI,"BODUTHAKURUFAANU MAGU, MALE', MALDIVES,
20332"
82,Cafe Eazy,9772555,Yes,Yes,Male,G.Soasanee Uthurubai,Rahdhebai Magu
83,LeCute,7696699,Yes,Yes,Male,Ma. Maadheli,"Majeedhee Magu, Male'"
84,LeCute Maafannu,7696699,Yes,Yes,Male,M. Tescow,"Majeedhee Magu, Male'"
85,Tharukaaree Fihaara,3321188,Yes,Yes,Male,Near by Public Toilets,"Boduthakurufaanu magu, male, Republic of Maldives"
86,Pyramid Hulhumale',9997455,Yes,Yes,Hulhumale,Fenfihi. Lot No 1098,"Fenfihi, Hulhumale' Lot No.1098"
87,Fresh Avocado,9976027,Yes,Yes,Male,MA. Dezzal,"MA. Dezzal , Male' , Maldives"
88,Onukuri mart,7750240,Yes,Yes,Male,Ma.Vohkolhuge-Aage,Ma.Vohkolhuge-Aage
89,China Garden,7772955,Yes,Yes,Male,G.vashafaru,Lonuziyaaraiy Magu.
90,China garden Restaurant,3304889,Yes,Yes,Male,G vashafaru,Lonuziyaaraiy Magu
91,China garden Restaurant 2,7904889,Yes,Yes,Hulhumale,Lot no 11033 A-127 Ground floor,Kaani Magu
92,SOSUN CHEMIST,3321780,Yes,Yes,Male,"SOSUN CHEMIST / H. AABAADHU,","H. AABAADHU, SOSUN MAGU"
93,Omid,7772988,Yes,Yes,Male,M.Hingaaru,Shaheedh Ali Goalhi / Maafannu
94,Ufanveli shop,3328883,Yes,Yes,Male,Dharavandhoo Uthuruge,Lainoofaru magu
95,Tasty Quick Foods,7792328,Yes,Yes,Male,Dhunnika maage,Maafannu/Shaariuwarudhee/Male'
96,Wood Mart,7782442,Yes,Yes,Male,H. Wood Land,"H. Wood Land, Kaani Goalhi, Block No:33"
97,Jelly,7779747,Yes,Yes,Male,H. Alivilaa,H. Gardenia
98,The Dough by Jelly,7779747,Yes,No,Male,M. Flamingo,H. Gardenia
99,CITY GARDEN,3029840,Yes,Yes,Male,H.TERANOVA,"H.TERANOVA,BODUTHAKURUFAANU MAGU"
100,SOSUN MART.,3011541,Yes,Yes,Male,G. AN'BUGE,G. AN'BUGE.
101,SOSUN FIHAARA,3320068,Yes,Yes,Male,KUM BUILDING 1ST FLOOR,MOOSA IBRAHIM DIDI GOALHI
102,Grill Hut,3337757,Yes,Yes,Male,Ma. Cocoage,"Dhilbahaaru Magu, Machchangoalhi"
103,(FIHAARA) / FIHAARA GROUP,7700888,Yes,Yes,Male,"G. FENBOAHURAA, LONUZIYAARAI MAGU","G. FENBOAHURAA, LONUZIYAARAI MAGU"
104,1O1 Gadgets,7507474,Yes,Yes,Male,H.violet fehi,H.violet fehi
105,365 plus,7797181,Yes,Yes,Male,H.Sikkage hulhugage,H.Sikkage hulhugage
106,A.S TRADERS,7775461,Yes,Yes,Male,M. Saaniya,M. Saaniya
107,A.U Mart,7467666,Yes,Yes,Male,G. Green House,G. Green House. Dhonadharaadha hingun. Male'
108,Aalya Mart,7622515,Yes,Yes,Male,M.Shuooru,"M.Shuooru, Naseemee himgun"
109,Aan Mart,7763223,Yes,Yes,Male,M.Aston villa,"Iramaa magu ,Male'"
110,Acha's Poppadums,3000991,Yes,Yes,Male,H. Maarandhooge,"Meheli Goalhi, Male'"
111,ADK PHARMACY 6,7998558,Yes,Yes,Male,M. VELIFERAM,"HANDHUVAREE HINGUN, MALE'"
112,Aguheyo cafe,7941145,Yes,Yes,Male,MA.evening rose,Iskandharu magu
113,Ahmadhee cafe,7823582,Yes,No,Male,Fohtheyoge,Maafannu
114,Aimi see pastry,7604018,Yes,Yes,Male,Ma. Shezy,Aimi see padtry
115,Akala Restaurent,7895544,Yes,Yes,Male,M.Dhunikolhu,"M.Dhunikolhu,Izzudheen magu"
116,AL Fresh,7840304,Yes,Yes,Male,H. Saahath,"H.Saahath,Ground Floor, Filigasmagu, Male"
117,ALBION STORE,7786978,Yes,Yes,Male,Albion Store,"Shop No.44, Boduthakurufaanu Magu"
118,Alcyon Bakery,3322627,Yes,Yes,Male,M. Alcyon,Fulooniya Magu
119,ALD Mart,7857229,Yes,Yes,Male,G. Light Grey,"G. Light grey, male’"
120,Alfredo,9420506,Yes,Yes,Hulhumale,Alfredo,"Hithigas Magu - 04 Goalhi, Hulhumale"
121,Ali Niru Cafe,7831111,Yes,Yes,Hulhumale,Lot Number: 10186,Nirolhu 8
122,aLishBa,7738583,Yes,Yes,Vilimale,V.Faskani,V.Falivalhu
123,All Right,7520423,Yes,No,Male,M. Ziyaaraidhoshuge,Izzuddeen Magu
124,alvera,7785144,Yes,Yes,Male,manaaziruge,majeedi magu maafannu
125,Aryva Cafe and Restaurant,7471717,Yes,Yes,Male,M. Blue lake Lodge,Fiyaathoshi Magu
126,Askoi mini mart,9908064,Yes,Yes,Male,Ma.fineshade,"Ma.fineshade,dhanburuh magu"
127,Asters,3316464,Yes,Yes,Male,Asters Building,"Ameer Ahmed Magu, 20096"
128,Atolls Store,7262900,Yes,Yes,Male,H. Finikuri,"H. Finikuri, Kinbigas Magu, Male"
129,Atolls Store,7781984,Yes,Yes,Male,H. Zoom,"H. Zoom, Kinbigas Magu, Male."
130,AXON Fusion,7929233,Yes,Yes,Male,"H.Aazaadhuge,","Axon Fusion, Roashaneemagu, Henveru"
131,Bakehouse Catering Services,7775882,Yes,Yes,Male,SHAAM,"SOSUN MAGU, K, MALE’, 20060"
132,Bakers Basket,9543661,Yes,Yes,Male,H.Parkside,"H.Parkside, Hithigasmagu, Male'"
133,Bakers Fantasy,7778934,Yes,Yes,Male,M. Velaaluge,"M. Velaaluge, Fareedhee Magu, Male'"
134,Bakkal,9446868,Yes,Yes,Male,G.nooranfini,G.nooranfini
135,Bangadhura caffe,7785168,Yes,Yes,Male,H. Shitalvilla/male,M.shotalvilla/male
136,Barista,9533355,Yes,Yes,Male,Barista.mv,M.Mahi / Boduthakurufaanu Magu
137,Bayleaf,7792089,Yes,Yes,Male,M.Jaraynium,M.Jaraynium
138,Bazar Thundi,3011777,Yes,Yes,Male,"K. Atholhu Fihaara Dhekunu Fendaa, Male'","K. Atholhu Fihaara Dhekunu Fendaa, Male'"
139,BD mart,7555484,Yes,Yes,Male,Guleynooranmaage,Guleynooranmaage
140,Beutik,7394313,Yes,Yes,Male,G. Lucky Step,"Dhonadharaadha Hingun, Male’"
141,BHM TRADERS,7927755,Yes,Yes,Male,BHM BUILDING,"BHM BUILDING , MOOSA IBRAHIM DIDI GOALHI ,
MALE' 20185"
142,Big Man & Co,9876767,Yes,Yes,Male,Ma. Banafsage,Maaveyo Magu
143,Binmaa,7782368,Yes,No,Male,Ma. Happy Garden,"Dhilbahaaru Magu, Male'"
144,BIOS,7221711,Yes,Yes,Male,Ma.Mayfair,"Ma.Mayfair, Ground Floor, K.Male , Maldives"
145,Biriyani Royal,7974656,Yes,Yes,Male,STO Food court unit 1,Habour Food court -
146,"Blanc by Veligaa, Hulhumale'",9402084,Yes,Yes,Hulhumale,Hulhumale' Lot 10069,"Hulhumale' Lot 10069, Nirolhu Magu"
147,Blood Orange,7788326,Yes,Yes,Male,Jamburoalugasdhoshuge Ground Floor,"Maafannu, Fareedhee Magu, Male' , 20263"
148,BOMBAY DARBAR,9938696,Yes,Yes,Hulhumale,NEWTOWN INN,"LOT 10488, NIROLHUMAGU"
149,Bread matters,7931442,Yes,Yes,Hulhumale,Centro mall,Hulhumale
150,Brickworks,7727425,Yes,Yes,Male,Dhildhiya,"Brickworks, Murangamagu"
151,Bridge Mart,7374242,Yes,Yes,Hulhumale,Hulhumale Lot 10482,Lot 10482
152,Bright Plus,7783028,Yes,Yes,Male,H.Mercury House,Lonuziyaaraiy Magu
153,Brotherhood,7900055,Yes,Yes,Male,M.Niluge,Dhanbu Goalhi
154,Brotherhood Electronics,7900055,Yes,Yes,Male,4/3 Faamudheyri magu,"Faamudheyri magu, Male'"
155,Brown Cafe,7710909,Yes,No,Vilimale,Commercial Plot F Block,Commercial Plot F Block
156,bunka mobile plus,7779367,Yes,Yes,Male,H.vatheenigasdhoshuge,Vatheenigasdhoshuge
157,cabmv,9877999,Yes,Yes,Hulhumale,hulhumale lot 10665,hulhumale lot 10665
158,Cactus,7904909,Yes,Yes,Male,H.kdk villa,Sosun magu
159,Awesome Trade,7788556,Yes,Yes,Male,H. Burudhaa Vakaruge,Violet Hingun
160,Ayami traders,7917547,Yes,Yes,Male,G ocean star aage,Ocean star aage
161,BIO ME,3359998,Yes,Yes,Hulhumale,"10554,Hulhumale'","10554, Hulhumale'"
162,"Blanc by Veligaa, Male'",9402081,Yes,Yes,Male,H.Kafurutholhige,"H.Kafurutholhige, Janavaree Magu"
163,Buruzu Catering,7921818,Yes,Yes,Hulhumale,H. Fentenoy,"H.Fentenoy , 1st Floor , Buruzu Magu"
164,Cafe Bubble Tea,3004839,Yes,Yes,Male,H.Hiriyaadhoo,H.Hiriyaadhoo / Filigas Higun
165,Cafe Express,3003010,Yes,No,Male,H. Queen of the Night,H. Queen of the Night
166,Cafe Giardino,9981003,Yes,Yes,Hulhumale,Lot No 10472,HulhuMale
167,Cafe Leeks,7672121,Yes,Yes,Male,M. Middle West,Asuruma Goalhi
168,Cafe Rio,3350801,Yes,Yes,Hulhumale,"Cafe Rio, NIrolhu Magu, Lot no. 10419","Cafe Rio, NIrolhu Magu, Lot no. 10419"
169,Caloria,7908418,Yes,Yes,Male,M. Medhugiri,Kanbaaisarani Hingun
170,Catchme.mv,9556262,Yes,Yes,Male,H.faalandhoshuge,H.faalandhoshuge amir ahmed magu male
171,Celltech hulhumale,7767161,Yes,Yes,Hulhumale,"LOT 11306, 6 Rabarugas Magu,","LOT 11306, 6 Rabarugas Magu, 23000, Hulhumale."
172,Cellzone,7776559,Yes,Yes,Male,M. Sainosa,"Chaandhanee Magu, Male', Mladives"
173,Cellzone,7776002,Yes,Yes,Hulhumale,Cozy Lilly,"Nirolhumagu, Hulhumale', Maldives"
174,Central Mart,7656013,Yes,Yes,Male,G.Ali Aabaadhuge,"Lonuziyaaraiy Magu, Male"
175,Chanbeylee Garden,7918316,Yes,Yes,Male,Ma. Double Eight,Ma. Double Eight / buruzu Magu
176,chefmv,9882665,Yes,Yes,Male,Ma Tomato,Ma Tomato
177,Chicking,3004545,Yes,Yes,Male,H.Suez,"H.Suez, Ameer Ahmed Magu, Male'."
178,Citron By Lemongrass,7782771,Yes,Yes,Male,Alimas Ufaa Carnival,Alimas Ufaa Carnival
179,CITY GELATO,3029848,Yes,Yes,Male,H.Moonlight Villa,"H.Moonlight Villa, Ground Floor, Medhuziyaaraimagu"
180,City taste,7781123,Yes,Yes,Male,Male habour food court no7. Ameenimagu,Male' habour food court no7. Ameenimagu
181,Clasiko Home,7978584,Yes,Yes,Hulhumale,Lot11194,Chambeylee 7
182,College mart,9121969,Yes,Yes,Male,G.Bluega,"Fashaanikillagimagu, college mart, g.bluega"
183,Countline 2,7941888,Yes,Yes,Hulhumale,Manha Lot 10385,Ahigas Magu / hulhumale'
184,Countline Wholesale,7941888,Yes,Yes,Male,"Ma. Maaveyo Villa, Ground Floor",Maaveyo Magu
185,Cozy cafe corner,7783824,Yes,No,Hulhumale,Lot no 11230,"Rabarugas Magu, Golhi 4"
186,Crown diamond jewelleries,7500824,Yes,Yes,Male,G.nooranfehi,Crown diamond jewelleries
187,Curry pot restaurant,3016009,Yes,Yes,Male,Hudhugiri,Muthee Golhi
188,Cutiesmv,7644846,Yes,Yes,Male,Happy cottage,"Chaandhanee Magu 20175, Malé"
189,dawn cafe,9688999,Yes,Yes,Male,majeedhee store,haveereehingun
190,Daynight mart,3000888,Yes,Yes,Male,m.maaru,m.maaru
191,Dayone Cafe,9141512,Yes,Yes,Hulhumale,lotnumber 11390,11390
192,De Essence,9699653,Yes,Yes,Male,M. Baaranage hulhangubai,M. Baaranage hulhangubai / Majeedhee Magu
193,Deseo Maldives,7925559,Yes,Yes,Male,70 number fihaara,Majeedhee magu 70 number fihaara
194,DheenaFresh,7631314,Yes,Yes,Male,M.Chiliyajehige,"M.Chiliyajehige, Carnation Magu"
195,Dhivehi Gomaafulhu,7777461,Yes,Yes,Male,Binmaa Villa,Ma Dhilbahaaru Magu.
196,Dhoni Shop,7788407,Yes,Yes,Male,Shop No 4,"North Harbor, Boduthakurufaanu Magu"
197,DHONU MART,7959975,Yes,Yes,Male,G.AINNA,G.AINNA Raadhafathi higun DHONU MART
198,DIET NO MORE,7209822,Yes,Yes,Male,H. Diamond Villa,"Shaheed Ali Zuhair Hingun, Male"
199,Dolce Vita,9716611,Yes,Yes,Male,M.Guldhasthaa Aage,Muniya Magu
200,Dolphin View Cafe',7771002,Yes,Yes,Male,Alimas Carnival,"Alimas Carnival, stall No: 56"
201,E Mudhafoshi Maldives,7939293,Yes,Yes,Male,Ma.Ranvilu,Iskandhar Magu
202,Sonee Hardware,7900642,Yes,Yes,Male,Emboogasdhoshuge,"Janavary magu, Male"
203,A.N.G traders,7787433,Yes,Yes,Male,M.Fenkuri,"M.fenkuri, Ground floor, Orchid Magu / K.Male’"
204,All2,7997056,Yes,Yes,Male,flooniyaage,ma floonoyaage
205,Apple A Day,3334656,Yes,Yes,Male,M.Nasseemusobha,"Nedhun Golhi, Majeedhee Magu"
206,Aston Traders,9995209,Yes,Yes,Male,Nevada Hulhangubai,Boduthakurufaanu Magu
207,B for baby,9844344,Yes,Yes,Male,M. Muleege,Orchid Magu
208,Baby Plus,7575433,Yes,Yes,Male,Parkview,"Alikilegefaanu magu, Male'"
209,Beach Kumru,7766253,Yes,Yes,Hulhumale,Lot 10093,"Dhigga Magu, Lot 10093"
210,Blackgold Foods,7257145,Yes,Yes,Male,Ma.Vavathi,"Ma.Vavathi, Ground Floor, Nikagas Hingun, Male'"
211,Burger point,3333678,Yes,Yes,Male,Ma kohera / Machangolhi,Ma. Kohera
212,Burooj,9198989,Yes,Yes,Male,H.Keeranmaage,"H.Keeranmaage, Roshaneemagu, Male"
213,Café Fisherman's Point - Reg no: HPA/T-10/C1/2018/0091,9950959,Yes,Yes,Male,H-Himerimaage,"Kurangi Goalhi, Near Masveringe Park"
214,CAMROCK STORE,7995836,Yes,Yes,Male,M.CAMROCK,Fulooniya magu
215,Cell2tech,7625000,Yes,Yes,Male,G. Halfsea,Koimalaa hingun
216,Cellzone Hulhumale,7776002,Yes,Yes,Hulhumale,Cozy Lilly,"Nirolhumagu, Hulhumale"
217,CHILL OUT,7745854,Yes,Yes,Male,"Ma. Maaravan, Kenery magu","Ma, Maaravan, Kenery magu"
218,City Bakery,3029843 Yes,,Yes,Male,Ma. Fazaa,"Ma. Fazaa, Nikagas magu"
219,Jasmine Traders,7774763 Yes,,Yes,Male,Dhall Atoll Fihara building,"Boduthakurufaanu Magu (opposite North Harbor),
Male"
220,City Bakery (Hulhumale),3029847,Yes,Yes,Hulhumale,Hulhumale Rowhouse R9-01,"Hulhumale Rowhouse R9-01, Hulhumale"
221,City Bakery (Maaveyo Magu),3029845,Yes,Yes,Male,M. Nector,"M. Nector, ground floor, maaveyo magu"
222,Baazaar Avocado,7784052,Yes,Yes,Male,Dh. Atoll Fihara building,"Faalan Dhoshu Hingun, Male"
223,City Bakery (Izzuddheen magu),3029846,Yes,Yes,Male,M. Kurimbee lodge,"M. Kurimbee lodge, ground floor, Izzuddeen magu"
224,Red Bee,7772757,Yes,Yes,Male,Hithilaage,Chandhanee Magu
225,City Bakey (Sosunmagu),3029844,Yes,Yes,Male,H. Heylhifah,"H. Heylhifah, ground floor, sosun magu"
226,Rannamari King,7998161,Yes,Yes,Male,M.Kalhumuraka,Subdheli Magu
227,Clone Copiers,7774591,Yes,Yes,Male,M. Cherrbell dekunubai,"Carnation Magu, Male"
228,Cosabella,7775104,Yes,Yes,Male,M.Iraakumaage,"M.Iraakumaage, Majeedhee Magu, Male’"
229,VB MART,9633855,Yes,Yes,Male,"M.shereen, Majeedhee magu","M.Shereen, majeedhee magu"
230,VB mart,7898988,Yes,Yes,Male,G. Mascot / koimalaa higun,Mascot
231,Countline,7941888,Yes,Yes,Male,"H. Rasfushi, ground floor",Ameenee Magu
232,Donali Cafe,7631173,Yes,Yes,Male,M. Victory House,"M. Victory House, Asaree Goalhi"
233,Doodle Craft and stationery,9955595,Yes,Yes,Male,M.javaahiru villa,Izzuddeen magu
234,E yard store,7998778,Yes,Yes,Male,m. white beach,shaheedh ali higun
235,Dunk,7787471,Yes,Yes,Male,M.Gehi,M.Gehi / Haduvaree higun
236,e-Life,7995020,Yes,Yes,Male,Kulunuvehi (SHE Building),"Ground floor, Kulunuvehi (SHE Building"
237,Eaee Pvt Ltd,7993115,Yes,Yes,Male,H.Niyaasaa,Bodufungandu Magu
238,EASY SAVE MART,7707285,Yes,No,Vilimale,KIRU DHOONI,KALHUTHUKKALA MAGU
239,Efficient Electronics,7900055,Yes,Yes,Male,Faamudheyri Ge,"Faamudheyri magu, Male'"
240,En Vie,7375959,Yes,Yes,Male,Dhuvey Dhaaru / Fenmeeru Vaadhee,Fenmeeru Vaadhee
241,4A Mart,7922238,Yes,Yes,Male,H Seenu Sanfaage,H seenu sanfaage
242,4A Traders,7726373,Yes,Yes,Male,G.Filaaveli,"G. Filaaveli, Kashimaa Hingun, Malé"
243,7E Shoppe,9199896,Yes,Yes,Male,MA.NASEEMEEHA'DHUVARU,GROUND FLOOR
244,A.R.Two Mart,7785464,Yes,Yes,Male,dawndew,Asrafee Magu
245,Add-on Store (Hulhumale),7820909,Yes,Yes,Hulhumale,Lot 11183 (Shop 1),Nirolhu Magu
246,Add-on Store (Male’),7788444,Yes,Yes,Male,Ma.Fehenfaru,Chandhanee Magu
247,AKALA,7895544,Yes,Yes,Male,M.DHUNIKOLHU,"M.DHUNIKOLHU, IZZUDHEEN MAGU, Male' city"
248,Alamaas Mart,9707100,Yes,Yes,Male,MA. Nehuru,MA. Nehru
249,Atoll Retail,9118446,Yes,Yes,Male,M.cresent 17,Kandi Dhon Manik Goalhi
250,AJE Emporium,7782492,Yes,Yes,Male,MA. Merana,"Kenery Magu, Male"
251,Delco Mart,9801008,Yes,Yes,Male,M. Champa Lodge,"M. Champa Lodge, Muranga Mangu"
252,Daily fancy,7532940,Yes,Yes,Male,H.Nooakiri,H.Nooakiri
253,Cafe Plus,7803030,Yes,Yes,Male,H. ELPASHO,Vaijehey magu
254,Beluga Mart,7913455,Yes,Yes,Male,Ma. Koafege,"Gulalaa Goalhi, Male, Maldives"
255,Sports Power,7771653,Yes,Yes,Male,Luxury Home,Majeedhee Magu
256,Cherrys mart,7475177,Yes,Yes,Male,G.cherry,G.cherry
257,All mart,7406565,Yes,Yes,Male,G. Fullmoon,G. Fullmoon/kashima hingun/k. Male
258,B10 Trade,9630622,Yes,Yes,Male,"Cherry Park, Vaidheri Hingun, Malé City, 20205,
Maldives","Cherry Park, Vaidheri Hingun, Malé City, 20205,
Maldives"
259,Atolls Shop,7781984,Yes,Yes,Male,H. Rasma,"H. Rasma, Mialani Goalhi"
260,diamond garden,7795253,Yes,Yes,Male,Ma Fatholhu,Champaamagu
261,Durian,7969747,Yes,Yes,Male,Guldhasthaa,"Muniyaa Magu, Maafannu, Male"
262,Bakers Basket (Gaakoshi),7570226,Yes,Yes,Male,G.Gaakoshi 605,"G.Gaakoshi, Ameenee Magu"
263,Elements 1,7675940,Yes,Yes,Male,M. Kafurutholhimaage,M. Kafurutholhimaage / Alimasmagu
264,BAYWATCH STYLE,7781114,Yes,Yes,Male,G.SADAS,G.SADAS RADHEYBAIMAGU
265,Enzi 1,7777348,Yes,Yes,Male,"Ma. Andhalus, ground floor","Ma. Andhalus, ground floor, buruzu magu"
266,Enzi 2,7777348,Yes,Yes,Hulhumale,"HM. E-G-01, K.Hulhumale'","HM.E-G-01, K.Hulhumale'"
267,Enzi 5,7777348,Yes,Yes,Male,"FAM House, K.Male'","FAM House, K.Male'"
268,Equics Express,9831800,Yes,Yes,Male,Maafannu,M. Beach Corner
269,Eriko,9670069,Yes,Yes,Male,H. Eri,"Janavaree Higun, 20054"
270,EUREKA HARDWARE CONNECT,7782397,Yes,Yes,Hulhumale,"LOT NO:11184,","LOT NO: 11184,GROUND FLOOR,NIROLHU
MAGU,HULHUMALE"
271,Euro Store,7670059,Yes,Yes,Male,Asrafee Villa,Malè
272,evening cafe,3316114,Yes,Yes,Male,Himitheege,Orchid magu. maafannu
273,Bazar Finolhu,7737575,Yes,Yes,Male,"Crescent 05, Boduthakurufaanu Magu, Male'","Crescent 05, Boduthakurufaanu Magu, Male'"
274,BBM Smart Select,3021140,Yes,Yes,Male,M. Zaab,"Fareedhee Magu, Male'"
275,Sto,7728602,Yes,No,Hulhumale,Hulhumale 153 G 02,Hulhumale 153 G 02
276,Stop & Shop,7750951,Yes,Yes,Vilimale,V.Minvaru,Vaaru Hingun
277,Ever Fresh,7787001,Yes,Yes,Male,M.Sandy hollow,kanbaasairani huigun
278,Check Mate,7888548,Yes,Yes,Vilimale,V.Hiyaavilla / 340,Finivai Hingun
279,Evo Mart,7982625,Yes,Yes,Male,Ma. Shadow Avenue,"Buruzu Magu, Mahchangoalhi"
280,Ezymart,7945851,Yes,Yes,Male,M.fadihge/ h.vaavelaaveli,Vaijehey magu/ carnation magu
281,City Innovative Hygiene,3029839,Yes,Yes,Male,M. Teranova,"M. Teranova, boduthakurufaanu magu,"
282,F1 mart,7352626,Yes,Yes,Male,Ranfashuige,Ranfashuige
283,Depublic restaurant,7974622,Yes,Yes,Male,"Muniya magu, Male' Maldives",M. Boiling fish
284,FAHIDHOOLA,7798837,Yes,Yes,Male,G.Courtmaage,G.Courtmaage
285,Dhan'buruh Mart,9509977,Yes,Yes,Male,G.Eagle,G.Eagle dhanbruh magu
286,Fantastic,7941144,Yes,Yes,Male,H. Noomuthee,Buruzu Magu
287,Fantasy Express,7570464,Yes,Yes,Hulhumale,Centro Mini Mall (unit 01),"Centro Mini Mall (unit 01), Huvandhu Maa Hingun,
23500, K. Hulhumale'"
288,Farimalaa,3312776,Yes,Yes,Male,M.Faamudheyri ge 3/3,Faamudheyri Magu
289,Fariva Traders,9142194,Yes,Yes,Male,Ma.Maafaiyvaru,"Chaandhanee Magu, Male'"
290,Faseyha Print,9813215,Yes,Yes,Hulhumale,Lot no 11216,Chanbeylee Magu
291,Faseyha Recharge,9813215,Yes,Yes,Hulhumale,Lot 11216,Chanbeylee Magu
292,FASTFIX,9421456,Yes,Yes,Male,g.dreamhouse,K.male' / G.DreamHouse/ Groundfloor
293,Equator Fresh,9837765,Yes,Yes,Male,G. Vegalight / Banafsaa Magu,G. Vegalight / Banafsaa Magu
294,fengas mart,9688999,Yes,Yes,Male,m.morning house,muiveyomagu
295,Evening Mart,9118497,Yes,Yes,Male,H. Large Varudhee,"Vaigehaymagu, Male'"
296,Ferric Mart,7489005,Yes,Yes,Male,M. East Corner,Javaahiru Hingun
297,Evening store,7753910,Yes,Yes,Male,"navaada iru mathi, Boduthakurufaanu magu","Evening store, navaada store, Boduthakurufaanu
magu, Male’"
298,Firoashi Male',9861326,Yes,Yes,Male,Ma.Maaharaa,"Ma.Maaharaa , Male' , Maldives"
299,Ever Fresh Market,9892168,Yes,No,Male,M.Araarai Niru,"Muranga Magu, Male’"
300,Flora Grand,7739666,Yes,Yes,Male,M. Nirolhu,"Fandiyaaru Magu, K, Male"
301,Fonihiyaa,7526154,Yes,Yes,Vilimale,Falash,Vilimale
302,FOOD BUDDY,7777018,Yes,Yes,Male,G.Heenahiya,Buruzumagu
303,Express mart,7775042,Yes,Yes,Male,Villigili ferry terminal,Male villigili ferry terminal
304,Food Oda,7776462,Yes,Yes,Hulhumale,Lot No. 11376,Boganvila Magu
305,Food store,7905864,Yes,Yes,Male,H.orion ground flow,H.orion
306,Food studio,7774091,Yes,Yes,Male,Summit,Maaveyomagu male
307,Faagamart,7783908,Yes,Yes,Male,H.faagamaage,"H.faagamaage, kurangi goalhi"
308,FOODOS Cafe’,7776379,Yes,Yes,Male,M.Seaqueen,"M.seaqueen , muranga Magu, male’"
309,FAHULAVAAN MART,9191631,Yes,Yes,Male,G. Israagu,Buruzu Magu
310,Fresh and Fruity,9878748,Yes,Yes,Male,Honeysackle,Honeysackle
311,Fantasy pvt. ltd.,7946061,Yes,Yes,Male,M. Velaaluge,"M. Velaaluge, Fareedhee Magu, Male'"
312,Filikuri Mart,9655060,Yes,Yes,Male,H. Filikurige,H. Filikurige / vaijehe Magu
313,Firoashi,7961326,Yes,Yes,Male,Ma.Maahara,"Rahdhebai magu, Malé"
314,First care pharmacy,7774796,Yes,Yes,Male,G venus villa,Kalhuhuraa magu
315,Foods Mart,7455547,Yes,Yes,Male,Male Villa,"Bodu Fulhah Goalhi, Machangolhi, Male'"
316,Fresh N Fruity,7770152,Yes,Yes,Male,Ma. Honey suckle 1,Maveyo magu
317,Freshzaa Fruits & Veg,7725236,Yes,Yes,Male,"H.Night View , Sosunmagu","H.Night View , Sosunmagu."
318,Friday Kitchen,9449933,Yes,Yes,Male,"Boalha dhandu 11 No. Fihaara, Male'","Boalha dhandu 11 No. Fihaara, Male'"
319,FRIENDS CAFE',7925522,Yes,No,Male,Shaheedh kudanevi thuththu maniku hingun,MA.FORGET ME NOT
320,Frontier Markets,7774230,Yes,Yes,Male,Naridhooge,Irudheymaa Hingun
321,G traders,7748856,Yes,No,Male,M.Shady Region,Alhivila Magu
322,GANNA MART,7998558,Yes,Yes,Male,M. ALIVELI,"BURUZU MAGU, MALE'"
323,GARDEN CINNAMON RESTAURANT,7906476,Yes,Yes,Male,H.VALIGE,SOASUN MAGU
324,Gardeons,9553554,Yes,Yes,Male,Nihaali,Henveiru
325,GENERAL SERVICE AND TRADING,7779695,Yes,Yes,Male,H.KUDARIKILUGE AAGE,"H.KUDARIKILUGE AAGE,HITHAHFINIVAA MAGU"
326,Ginger Bakes,7909018,Yes,Yes,Male,Ma.Everglory,"Keneree Magu, machan goalhi"
327,Glenda's Cafe,7905767,Yes,Yes,Male,M.Reefside Ge,"Majeedhee Magu, Maafannu"
328,Goochie goo,7942060,Yes,Yes,Male,Ma. Rosario,"Sayyidkilegefaanu magu, male, 20226"
329,Good Mart,7749249,Yes,Yes,Male,Ma.Glassge,Joashee Higun 20176
330,Green Light,7490675,Yes,Yes,Male,M.M.A.N 1 Number fihaara,Ibrahim hassan didi Magu
331,GREEN MART,9417077,Yes,Yes,Hulhumale,"10544, Hulhumale'","10554, Ground Floor, Hulhumale'"
332,Greengrocer,7778856,Yes,Yes,Hulhumale,Lot No 11285,Rabarugas Magu 6
333,Grower,9712211,Yes,Yes,Male,M.Beach Slope,Izzudheen Magu
334,H FOOD,3301880,Yes,Yes,Male,M.Kunaavashi,"Kunaavashi, Haveeree Hingun"
335,HAAMA WHOLE SALE CENTRE,3333766,Yes,Yes,Male,m/orchid waadhee,m/orchid waadhee
336,Habitus Fresh,7997790,Yes,Yes,Male,Ma. Uthuru Innaage 5B,"Nikagas Magu, Male’, 20164"
337,halimagu cafe,7824872,Yes,No,Hulhumale,Lot 11199,Chambeyli
338,Happy Market Shop - 3,7948660,Yes,Yes,Male,"Seenu Atoll Fihaara, Boduthakurufaanu Magu, Male'","M. New Plot, Ameenee Magu, Male'"
339,Hangout Garden,7555568,No,No,Male,H.Hiriya,Abadhahfehi magu / male’
340,Hardware Lab,7782380,Yes,Yes,Male,H.Roashan view,Janavareemagu
341,Gloria Jeans Coffees,7960404,Yes,Yes,Male,H.Suez,"H.Suez, Ameer Ahmed Magu"
342,Haw mart,9777324,Yes,Yes,Male,H.raizingsun,H.Moon Light Valley
343,GOURMET,3305575,Yes,Yes,Male,M Raivilaa,Fareedee Magu Male
344,Happy Market Shop - 6,7985830,Yes,Yes,Vilimale,"KV. Dhauru/ Ground Floor, House No: 23,
Kalhuthuhkalaa Magu","M. New Plot, Ameenee Magu, Male'"
345,Hello Fresh Market,7788182,Yes,Yes,Male,Hello Fresh Market Ma.Naseeb,"Ma.Naseeb, Vaidheri Higun"
346,Happy Market Shop - 8,7449998,Yes,Yes,Male,"G. Nashaath Villa, Nirolhu Magu, Male'","M. New Plot, Ameenee Magu, Male'"
347,Haun mart,7441829,Yes,Yes,Male,H.Bluedreams,H.bluedream
348,Hfood,7787483,Yes,Yes,Male,Kunaavashi,Maafannu haveeree hingun
349,HCM MART,7224040,Yes,Yes,Male,H.Kotari,Buruzu Magu
350,Honey Corner,3323438,Yes,Yes,Male,Ma. Honey Suckle 2,Maaveyo Magu
351,Happy Market Shop - 4,7987527,Yes,Yes,Male,"Lot No.10172, Nirolhu Magu, HulhuMale`","M. New Plot, Ameenee Magu, Male'"
352,haws eatery,9903839,Yes,Yes,Male,H.silver oak,ashrafee magu male maldives
353,ICON ELYT MART,7649804,Yes,Yes,Male,Ma.jasthukafaage,"Icon Elyt Mart,Ma.jasthukafaage,Male’ ,20162 ,
7409276"
354,HENVEYRU CAFE,9868683,Yes,Yes,Male,Valhufehi,Valhufehi Buruzu magu
355,Hissaa Mart,9100050,Yes,Yes,Vilimale,Edhuruvehi,Askaree hingun
356,Gloria Mart,7778270,Yes,Yes,Male,H.Miunich,Barajoaragoalhi
357,Hobbyist 1,7736411,Yes,Yes,Male,G.kafihi,Rahdebai magu Malé
358,Ifix 2,7776559,Yes,Yes,Male,G. Zamia,"Lonuziyaaraiy magu, Male’"
359,IKZO,7900805,Yes,Yes,Male,MARKET HOTAA,MARKET HOTAA
360,Hotel Nafaa,7772227,Yes,Yes,Male,Shimlaa,"Maafannu, Fandiyaaru Magu"
361,HotWok,3357775,Yes,Yes,Hulhumale,Lot #10076,"Goalhi #6, Nirolhu Magu"
362,Hub Town,9515059,Yes,Yes,Hulhumale,Lot number: 10020,Nirolhu Magu - 03 Goalhi
363,KFC,7993767,Yes,No,Male,KFC Male Square,"Male Square, Ameenimaguu"
364,Ingot,9763450,Yes,Yes,Male,M. Veli,M. Veli
365,Huq eats,9801188,Yes,Yes,Male,https://bit.ly/HuqEats,"G. Rose island , Lily Magu make maldives"
366,Hut Cuisine,3327033,Yes,Yes,Male,H. Valumaizaandhoshuge,"H. Valumaizaandhoshuge, Sosun Magu, Malé,
Maldives"
367,KBA Mart,9655060,Yes,Yes,Male,M. Sanmaamuge,M. Sanmaamuge / Asaree hingun
368,ICM3,3336666,Yes,Yes,Male,Nasreenuge,Sosun Magu Male City
369,IHSAAN FIHAARA,7670091,Yes,Yes,Male,G.Fehihiri (5th floor),G.Fehihiri(5th floor)
370,Kilogram,7880252,Yes,Yes,Male,H.Bluehouse,Roashanee Magu
371,Ihusaan fihaara,3315322,Yes,Yes,Male,ihusaan fihaara,ihusaan fihaara
372,imna Trade,3320894,Yes,Yes,Male,M.Musthafa Aabaadhu,Sabudhelimagu 20338
373,Kinza Cafe,7788871,Yes,Yes,Male,Ma.bodufulhage,"Ma.Bodufulhage, Zamaanee Hingun"
374,Indo mart,7853008,Yes,Yes,Male,Indo mart H.magoomaage filings magu,Indo mart magoomaage ground
375,Indoor cafe,7926958,Yes,Yes,Hulhumale,Hulhumale goathi 11324,Hulhumale goathi 11324 ground floor
376,Inizeo one,7772019,Yes,Yes,Hulhumale,Hulhumale lot 10560 hahethi,Hulhumale lot10560 hahethi / hithigasmagu
377,Island Beverages Maldives Private Limited (Taza),9885544,Yes,Yes,Male,Fen Building,"Fen Building (1st Floor), Ameenee Magu, Male'
20375, Maldives"
378,Irai Bookshop,3326989,Yes,Yes,Male,G.Naarehi,G.Naarehi
379,Jelly Jugo Point Takeaway,7779747,Yes,Yes,Male,H. Gardenia,H. Gardenia
380,Ishop,3316010,No,Yes,Male,G. Maadumatheege .,Kashimaahigun
381,Jungle,9689000,Yes,Yes,Male,Six-villa,Ma.six-x villa dhibahaaru magu
382,Island Choice,7875358,Yes,Yes,Male,Ma.Farukan,"Ma.Farykan, Vaidherihingun"
383,Kaadu Fihaara,7888797,Yes,No,Male,L.Atoll fihaara matheebai,Boduthakurufaanu Magu
384,Island Feast,9702764,Yes,Yes,Hulhumale,Lot 11430,Chanbeylee magu goalhi 09
385,Kaafu Mart,9901171,Yes,Yes,Male,Hudhufiya,Mustharee Magu
386,IVES,3005565,Yes,Yes,Male,Ma. Fiyajahaage,"Ma. Fiyajahaage, Nikagas Magu, Male'"
387,IVES DE'COR,7908888,Yes,Yes,Male,M. Dhonfan,"M. Dhonfan, Majeedhee magu, male'"
388,IVES HOME DEPOT,3350367,Yes,Yes,Hulhumale,LOT 11336,"LOT 11336, Rabarugas Magu 7, Hulhumale"
389,Kins Mart,7784145,Yes,Yes,Male,G. Maaeboodhooge,"G. maaeboodhooge , saharaa Magu , male;"
390,Go Tech,9991173,Yes,Yes,Male,Ma.Yellowdiamond,Dhanburuh Magu
391,Goal Mart,9803531,Yes,Yes,Male,H.Labulaabuge,H.Labulaabuge / Ameeru Ahmed Magu
392,Jazz Cafe,3325299,Yes,Yes,Male,M. MERRYGOLD,HAVEEREE HIGUN
393,Jelly Restaurant,7779747,Yes,No,Male,H.Regalge,H. Gardeni
394,Juicy,9933482,Yes,Yes,Hulhumale,Lot No.10158,Nirolhu Magu/Hulhumale
395,Juweys cafe,9799999,Yes,Yes,Male,Dheyliaage,Maaveyomagu male
396,Mazada,3004646,Yes,Yes,Male,M.Dhilleege,Majeedheemagu
397,kabsa lounge,3007999,Yes,Yes,Male,ma.eagle,Eagle
398,Lotus Fihaara,3300619,Yes,Yes,Male,"Lotus Fihaara, Fareedhee Magu","Ma. Mullammaage ground floor, Fareedhee Magu"
399,Magna Mart,7902337,Yes,Yes,Male,Niyaz Villa,"Buruzu Magu, Machchangoalhi, Male', Maldives"
400,Kebab Street,9733375,Yes,Yes,Hulhumale,Lot No. 11376,Hulhumale
401,Kings Garden,9908807,Yes,Yes,Hulhumale,Aasna villa,Hulhumale / Lot:10175
402,Madihaa Mart,7524263,Yes,Yes,Male,M. Madihaa,Shaheedh Ali Hingun
403,Madihaa fresh,7258827,Yes,No,Male,Madihaa fresh,Orchid magu
404,Kivaii,7787001,Yes,Yes,Male,M.Maakana,Hilaalee Magu
405,Korean Store,3300088,Yes,Yes,Male,M. Swany,Fandiyaaru Magu
406,Marrybrown Maldives,9849635,Yes,Yes,Male,Marrybrown,Ringroad
407,Koththu Hut,9686800,Yes,Yes,Male,H.Diamond Villa,H.Diamond Villa
408,Kudee cafe,7744770,Yes,Yes,Hulhumale,Hulhumale lot number 10034,Lot 10033
409,La Vera Pizzeria,7756879,Yes,Yes,Male,"H. Coliseum gr floor, ameenee magu","Smart Island Solutions Pvt Ltd, H. dhilleege"
410,Laeba,7708881,Yes,Yes,Male,M.Baansreege,"Laeba, Hilaalee Magu Male, Maldives"
411,"Lavender restaurant & Cafe""",9113571,Yes,Yes,Male,Lavender restaurant,H.Alimas Ufaa Carnival
412,LE PERFUME,9836969,Yes,Yes,Male,MA ZEENIYAAMAAGE 20195,"MA ZEENIYAAMAAGE 20195, Ground Floor"
413,Le Traffic,9458008,Yes,Yes,Male,M.Azbin,M.Azbin
414,Leaward hardware,7979999,Yes,Yes,Male,Ma.Dhahaab,Nikagas magu/male’
415,Lemongrass Fifth Restaurant,7932000,Yes,Yes,Male,M.Bageechaage,M.Bageechaage
416,Lemongrass North Port Cafe,7786689,Yes,Yes,Male,Male North Harbour,Meeru Bahuru Bandharu
417,LEVO Restaurant,3355811,Yes,Yes,Hulhumale,Plot no. 10668,Plot no. 10668
418,Lilac Mart,7263663,Yes,Yes,Male,M.Lilac,M.Lilac Rabee’ee Hingun
419,Lily Enterprises Pvt Ltd,7992399,Yes,Yes,Male,"M.A.N Building, 9th Floor,","Mohamed Ismail Didi Goalhi, Malé, Rep.of Maldives"
420,Lily F&B Suppliers 2,7984257,Yes,Yes,Male,H.Coal Field,Kahuhura Magu
421,Linchpin,7390033,Yes,Yes,Male,G.Fasaana,Lonuziyaaraih Magu
422,Linchpin,7390077,Yes,Yes,Hulhumale,lot 1062,Nirolhumgau
423,Linseed,9913873,Yes,No,Male,H. Green Weed,Buruzu Magu
424,Lintel Investment and Management Services Pvt.Ltd.,7696699,Yes,Yes,Male,LeCute,"Ma.Maadheli, Majeedhee Magu"
425,Lokal Bistro,7770052,Yes,Yes,Male,H.Anaal,"Asrafee Magu, Henveiru Anaal"
426,LOKO MART,9544480,Yes,No,Hulhumale,HULHUMALE GOATHI 11283,"HULHUMALE GOALHI 11285, RABARUGAS 5"
427,Lotus Fihaara,3332002,Yes,Yes,Male,Kk store,Ahmadhee Baazaar
428,Lui Mart,9513366,Yes,Yes,Male,M. Oak Barn,Iraaku Magu
429,LUIBUIN,7782243,Yes,Yes,Male,H.NEELVILLA,Boduthakurufaanu Magu
430,Luxury Shopping Centre,3322029,Yes,Yes,Male,M. Blue Diamond,"Majeedhee Magu, Male’"
431,M.H mart,7441023,Yes,Yes,Male,G. Faress,M.H mart/ G. Fares
432,M.U. Store - Hulhumale,7722558,No,Yes,Hulhumale,Lot10168,Nirolhumage
433,M2U Plaza,7897087,Yes,Yes,Hulhumale,HDC Commercial Block E,M2U Plaza Hulhumale
434,M7 Bookstore,9829397,Yes,Yes,Male,Ma Manas,Nikagas Hingun/ Male'
435,Maabaa Mart,7886818,Yes,Yes,Hulhumale,Lot No 11229,"Rbarugas Magu No.4 Goalhi, Hulhumale'"
436,Macro,7788250,Yes,Yes,Male,Manadhooge/ asaree higun,Macro/ Male' City/ Asaree higun
437,Majeedhee magu market,7778057,Yes,Yes,Male,majeedhee magu market,Dhilbaharu magu
438,MAJESTIC MOBILES,9988858,Yes,Yes,Male,M.Heenaadige,Maaveyo Magu
439,MARINE POWER,7774143,Yes,Yes,Male,M. KATHIRIYAA,FAREEDHEE MAGU
440,Martline,7941888,Yes,Yes,Hulhumale,HM Lot 10448,Ahigas Magu / Hulhumale'
441,Masala Hut,3000067,Yes,Yes,Male,G. Dhivehi Atha,"Majeedhi Magu, Male'"
442,Masmirus Investment,7728871,Yes,Yes,Male,Ma Shishaan G Floor,Dhevina magu Ma
443,Master cafe,7756259,Yes,Yes,Male,G.Vaani,Bodurasgefaanu magu
444,Maxcom Technologies,7771676,Yes,Yes,Male,H.Fuhkafa,"Sosun Magu, Male’ Maldives"
445,MELTZ,9999217,Yes,Yes,Hulhumale,LOT 10055,"NIROLHU MAGU, GOALHI NO 6"
446,Meylanfathi,7780499,Yes,Yes,Male,M.Abeeru,Kanba Aisa Rani Hingun
447,MHA MART,7411397,Yes,Yes,Male,MHA MART,"FAREEDHEE MAGU, MAAFANNU,MALE"
448,MHA Mart,7708697,Yes,Yes,Male,Male Grand,"Machangolhi, Majeedhee Magu, Male"
449,Mianz Foods,7845103,Yes,Yes,Male,Baani,"G.Baani ground floor, radhafaathi hingon, bruzu magu, Male'"
450,Micro Vision Computers,7773844,Yes,Yes,Male,H.Malavilla,H.malavilla
451,Mifco,7786412,Yes,Yes,Male,Maldives industrial fisheries company limited,Ujaalaa Higun
452,Mihai,7776245,Yes,Yes,Male,M. Dial complex,"M. Dial complex, Orchidmagu"
453,MILLION (MART),7870770,Yes,Yes,Male,M.RUBICON,M.RUBICON
454,MITTS Hulhumale Showroom,7774022,Yes,Yes,Hulhumale,Leona,"Lot 11388, Rabarugas magu 9"
455,MITTS Male Showroom,7774022,Yes,Yes,Male,"G. Helengeli aage, Ground floor","G. Helengeli aage, Ground floor, Rahdhebai magu, Male"
456,Mix Veg,7512932,Yes,Yes,Hulhumale,Hulhumale Lot 10471,Lot 10471 / Nirolhu Magu
457,Mnw Mart,7601738,Yes,Yes,Hulhumale,Lot 10142,Hulhumale lot 10142
458,Goanbili Plus,7785251,Yes,Yes,Vilimale,V. Dhirun / Kalhuthukalaa Magu,V. Dhirun / Kalhuthukalaa Magu
459,GOLDEN ECLIPSE PVT LTD,3000556,Yes,Yes,Male,H.MALAGAS,"H Malagas Ameenee Magu, Male"
460,GOLDEN GATE,7955065,Yes,Yes,Male,Dhaharaage,Chaandanee Magu
461,Gomaafulhu,7777461,Yes,Yes,Male,Sameydhaan,Mueveyo Magu
462,GoTech,9991173,Yes,Yes,Male,Ma.Yellow diamond,Dhanburuh magu
463,Grand Pilawoos,9826296,Yes,Yes,Hulhumale,Hulhumale lot 10530,"Hulhumale lot 10530 , Ranauraa magu, Hulhumale"
464,Grass Market,7700124,Yes,Yes,Male,"H.Looseena, Ground Floor",Sosun Magu
465,Grass1,7777297,Yes,Yes,Male,M green grass,Blukiyaa magu
466,Happy Market Trading Company Pvt Ltd,7775293,Yes,Yes,Male,"M. Newplot, Ameeni Magu","M. Newplot, Ameeni Magu"
467,Jomona store,7941792,Yes,Yes,Male,M. Three bird ground floor,Fareedhee Magu M. Three bird ground floor
468,Moon Cafe',7854432,Yes,Yes,Male,G.Alikuraage,Banafsaa Magu
469,MOTORIZE,7775097,Yes,Yes,Male,M.Moon Shadow,M.Moon Shadow
470,Movenpick,9561012,Yes,Yes,Male,H.Mala / majeedhee magu,H.Mala / Majeedhee magu
471,Movie Link,7999414,Yes,Yes,Male,Ma. Fanvaru,Machchan goalhi
472,Mr Sub,7338800,Yes,Yes,Male,Thoothuma,Alikilegefaanu Magu
473,Muduvaali,3302923,Yes,Yes,Male,M.Ranika,Orchid magu
474,Mulhoashi mart,9748448,Yes,Yes,Male,Sunnyrose,H.gulisthaanu goalhi
475,Mum and me,7910035,Yes,Yes,Male,H.oyagiri,k.Male
476,Maldives Collections,9963445,Yes,Yes,Male,"M. Alcyon Traders, Emerald Building","Kolige Umaru Manik Goalhi, Male, Maldives"
477,Maavadi store,7939747,Yes,Yes,Male,H.Agi,Kasthoori magu
478,Hits mart,7319533,Yes,Yes,Male,m.muragamaage,jambumagu
479,I.G Mini mart,7772385,Yes,Yes,Male,ig mini mart,Funa goalhi
480,Memizon Mart,7737527,Yes,Yes,Male,M.Hanifa Kuri,Kenery magu
481,SPACE MART,3314323,Yes,Yes,Male,G GOOD LIFE,LONUZIYAARAI MAGU / MALE
482,Semple Mart,7788881,Yes,Yes,Male,G. Fasmugoo,"G. Fasmugoo, Bodurasgefaanu Magu, Male', Maldives"
483,Muvill store,9753961,Yes,Yes,Male,Muvill store,M.kudanevige
484,My Clinic pharmacy,7918221,Yes,Yes,Male,Ma milano,Rahdhebai magu
485,My Shop,7449992,Yes,Yes,Male,"M. New Plot, Ameenee Magu","M. New Plot, Ameenee Magu, Male'"
486,New Asiana,3332999,Yes,Yes,Male,Ma.Maathundi,Ma.Maathundi Buruzu Magu
487,Café Hyphen Asiana,3353939,Yes,Yes,Hulhumale,Hulgumale Gothi,Hulgumale Gothi (10131) B-66 Ground Flour
488,New Asiana delivery,3326965,Yes,Yes,Male,H.Zink,H.Zink Majeedhee Magu
489,New Chain,7888509,Yes,Yes,Male,"H. Mahidhoo, Ground floor","H. Mahidhoo, ground floor, sosun magu, K.male’"
490,New Wheel,7496957,Yes,Yes,Male,G.Noovilaage,Husnuheenaa magu
491,Nice N Spice Cafe,7577350,Yes,Yes,Male,STO Food Court.,"Raaveribe Maizaan, STO food court."
492,Olive Tree,9425080,Yes,Yes,Hulhumale,"Hulhulemale Commercial unit AG-01 , AG-02",Huvadhu maa higun
493,ONECLICK,7881234,Yes,Yes,Male,Ranmatheege,Ma
494,Oneshop,7756847,Yes,Yes,Male,M.canopus,Orchid magu
495,Orange Mart,7786322,Yes,Yes,Male,G. Aakakaage 1,Alikilegefaanu magu
496,ONESTO TRADING,3013755,Yes,Yes,Male,I RASHEED FIHAARA IRUMATHEE BAI,MOOSA IBRAHIM DIDI GOALHI
497,Orange Pharmacy,7787871,Yes,Yes,Male,Orange pharmacy,Ma. Kandubalaage
498,Pharmacy Plus,7238686,Yes,Yes,Male,M.Yardly Dhekunubai,Kanbaa Aisa Rani Higun
499,RAKIZU MART,7734300,Yes,Yes,Male,"M.FEHIVILLU, LAINOOFARU MAGU, INFRONT OF MUDUVMA.FAELHIITVRILAUDE",
500,Red Wave Plaza,9192299,Yes,Yes,Male,Ma. Blaasamge,Shaheedhu Kudanevi Thutthu Manik Hingun
501,Red Wave Zone,9100414,Yes,Yes,Male,M. Carnationge,"Carnation Magu, Male' City"
502,Red Wave Mega Mall,9193399,Yes,Yes,Hulhumale,HM. Lot No. 11519,"HM. Lot No. 11519, Hulhumale' City"
503,Red Wave City Square,9636019,Yes,Yes,Hulhumale,HM N3-30A,"HM N3-30A Commercial Building, Male' City"
504,Red Wave Stadium,9108019,Yes,Yes,Male,G. Rasmee Boalha Dhandu,"G. Rasmee Boalha Dhandu, Fihaaru No 4, Male' City"
505,Red Wave Mall,9703870,Yes,Yes,Male,Ma. Jambugasdhoshuge,"Ma. Jambugasdhoshuge, Majeedhee Magu, Male City"
506,Red Wave Mart,7756558,Yes,Yes,Male,H. Neema,"H. Neema, Roashanee Magu, Male' City"
507,Red Velvet Bakery,7993990,Yes,Yes,Male,M. Violetge',Gulhazaaru Goalhi
508,ROSA MART,7662211,Yes,Yes,Male,ROSA MART at M.Kaliyaan Ground Floor,ROSA MART at M.Kaliyaan Ground Floor/ Shaheedh Ali Hingun/ Male' City
509,Satho Mart,7782363,Yes,Yes,Male,H. Golden Meet,"H. Golden Meet , Ground Floor .Janavaree Hingun,"
510,Saya Store,7772802,Yes,Yes,Male,"G. Saayaa, Buruzu Magu, Male","G. Saayaa, Buruzu Magu, Male"
511,Seahouse Mart,3010911,Yes,Yes,Male,G. Keesaa,Alikileygefaanu Magu
512,Small Village Supply,7991056,Yes,Yes,Male,M. Fehivina,M. Fehivina/ Blookiya Magu
513,Nala thundi,7781197,Yes,Yes,Male,M.Rubumanvilla,Kenireemagu
,,,,,,,
